OrderID,OrderDate,CustomerID,Region,Product,Quantity,UnitPrice
ORD00030,2023-01-01,CUST004,South,Laptop,1,63410
ORD00416,2023-01-02,CUST006,South,Tabet,5,16979
ORD00660,2023-01-03,CUST005,East,Headphones,10,15144
ORD00383,2023-01-06,CUST013,North,Lap,6,8104
ORD00647,2023-01-07,CUST005,East,Tablet,8,58031
ORD00194,2023-01-08,CUST012,,Monitor,10,64636
ORD00315,2023-01-08,CUST002,North,Monitor,9,21850
ORD00579,2023-01-09,CUST020,South,Monitor,4,12836
ORD00132,2023-01-10,CUST022,South,Tab,10,9499
ORD00447,2023-01-10,CUST027,South,Tablet,7,18126
ORD00001,2023-01-11,CUST022,West,Laptop,1,18485
ORD00932,2023-01-11,CUST047,East,Monitor,6,3396
ORD00734,2023-01-12,CUST049,South,Laptop,1,3330
ORD00601,2023-01-14,CUST050,South,Monitor,9,25091
ORD00618,2023-01-14,CUST021,East,Smartphone,5,17065
ORD00712,2023-01-15,CUST001,South,Smartphone,10,19819
ORD00525,2023-01-16,CUST043,North,Laptop,5,26775
ORD00794,2023-01-17,CUST034,East,Monitor,6,1616
ORD00105,2023-01-18,CUST046,East,Lap,3,11068
ORD00499,2023-01-18,CUST013,North,Headphones,1,10505
ORD00717,2023-01-19,CUST047,East,Laptop,10,2268
ORD00793,2023-01-19,CUST034,West,Monitor,5,49615
ORD00482,2023-01-20,CUST045,West,Headphones,7,1986
ORD00581,2023-01-21,CUST034,West,Laptop,6,26515
ORD00655,2023-01-21,CUST050,South,Monitor,4,60065
ORD00765,2023-01-21,CUST049,North,sp,9,2525
ORD00806,2023-01-21,CUST044,North,Monitor,8,4503
ORD00281,2023-01-22,CUST015,South,Laptop,1,19734
ORD00900,2023-01-22,CUST027,East,Smartphone,7,29616
ORD00206,2023-01-23,CUST032,East,Headset,8,60810
ORD00291,2023-01-23,CUST003,South,Smartphone,3,50211
ORD00568,2023-01-23,CUST032,North,Smartphone,4,26143
ORD00005,2023-01-24,CUST012,West,Lap,6,24361
ORD00872,2023-01-25,CUST042,East,Monitor,10,23000
ORD00069,2023-01-28,CUST027,North,Tablet,6,64906
ORD00600,2023-01-29,CUST017,West,Smartphone,2,28958
ORD00267,2023-01-30,CUST003,North,Tablet,3,71457
ORD00876,2023-01-30,CUST035,North,Monitor,1,59035
ORD00598,2023-01-31,CUST003,West,Monitor,1,60032
ORD00136,2023-02-01,CUST046,West,Smartphone,4,27625
ORD00185,2023-02-01,CUST034,West,Tablet,5,5235
ORD00209,2023-02-01,CUST011,East,Tab,4,18136
ORD00577,2023-02-02,CUST034,West,Monitor,6,12880
ORD00677,2023-02-02,CUST034,North,Lap,9,11556
ORD00255,2023-02-04,CUST014,West,Lap,4,22269
ORD00741,2023-02-05,CUST049,North,Tablet,3,23708
ORD00467,2023-02-07,CUST006,South,Headphones,5,29797
ORD00563,2023-02-08,CUST004,West,Headphones,4,1973
ORD00567,2023-02-08,CUST049,South,Tablet,4,16819
ORD00748,2023-02-08,CUST038,North,Laptop,5,5549
ORD00820,2023-02-08,CUST022,West,Monitor,2,72713
ORD00012,2023-02-09,CUST047,East,Headset,8,50331
ORD00311,2023-02-09,CUST035,South,Headphones,3,10493
ORD00930,2023-02-09,CUST036,East,Lap,10,74319
ORD00161,2023-02-10,CUST030,North,Monitor,10,71140
ORD00437,2023-02-11,CUST013,West,Headphones,4,57748
ORD00736,2023-02-11,CUST003,North,Monitor,1,26902
ORD00893,2023-02-11,CUST003,East,Smartphone,4,3115
ORD00929,2023-02-12,CUST034,East,Tablet,3,21738
ORD00987,2023-02-12,CUST011,South,Laptop,1,27705
ORD00016,2023-02-14,CUST042,West,Smartphone,7,17684
ORD00118,2023-02-15,CUST015,South,Monitor,3,5329
ORD00364,2023-02-15,CUST017,West,Tablet,3,8986
ORD00190,2023-02-16,CUST017,East,Monitor,9,8723
ORD00940,2023-02-16,CUST039,North,Smartphone,7,18793
ORD00371,2023-02-17,CUST019,West,Smartphone,10,29293
ORD00680,2023-02-18,CUST029,West,Lap,5,14192
ORD00051,2023-02-20,CUST037,West,Laptop,8,64301
ORD00107,2023-02-20,CUST049,West,Tablet,1,27431
ORD00133,2023-02-20,CUST003,South,Headphones,2,2312
ORD00179,2023-02-20,CUST048,South,Tablet,5,5343
ORD00728,2023-02-21,CUST024,West,Smartphone,1,61777
ORD00086,2023-02-23,CUST005,South,Laptop,5,47313
ORD00440,2023-02-23,CUST012,South,Headphones,6,67767
ORD00456,2023-02-23,CUST049,West,Smartphone,3,21447
ORD00509,2023-02-25,CUST030,North,Smartph,6,48670
ORD00668,2023-02-25,CUST016,South,Tablet,1,17781
ORD00611,2023-02-26,CUST032,East,Tablet,5,69944
ORD00452,2023-02-28,CUST008,North,Laptop,3,68408
ORD00435,2023-03-01,CUST045,North,Laptop,8,2002
ORD00862,2023-03-01,CUST036,North,Monitor,2,1653
ORD00903,2023-03-01,CUST019,North,Headphones,3,18395
ORD00024,2023-03-03,CUST011,South,Tablet,10,17452
ORD00654,2023-03-03,CUST033,South,Monitor,6,15571
ORD00673,2023-03-05,CUST001,North,Lap,1,11876
ORD00971,2023-03-05,CUST001,North,Headphones,1,48045
ORD00386,2023-03-06,CUST040,North,Tablet,6,3131
ORD00459,2023-03-06,CUST028,South,Tablet,3,46800
ORD00398,2023-03-07,CUST046,South,Monitor,3,16719
ORD00486,2023-03-08,CUST037,East,Laptop,8,3916
ORD00192,2023-03-11,CUST046,East,Tab,7,3494
ORD00767,2023-03-11,CUST041,West,Smartphone,9,3164
ORD00925,2023-03-11,CUST037,West,Laptop,7,29846
ORD00977,2023-03-11,CUST007,South,Monitor,6,5967
ORD00340,2023-03-12,CUST016,West,Laptop,3,28992
ORD00968,2023-03-12,CUST044,East,Laptop,6,25359
ORD00033,2023-03-13,CUST024,East,Tablet,3,5101
ORD00108,2023-03-13,CUST035,North,Headphones,9,3698
ORD00280,2023-03-15,CUST050,North,Monitor,10,51524
ORD00724,2023-03-15,CUST046,East,Tablet,6,26534
ORD00018,2023-03-20,CUST024,North,Headphones,8,29595
ORD00684,2023-03-20,CUST008,West,Monitor,4,29618
ORD00180,2023-03-21,CUST047,South,Smartphone,6,23908
ORD00949,2023-03-21,CUST034,North,Monitor,10,16257
ORD00859,2023-03-22,CUST005,South,Tablet,8,58536
ORD00109,2023-03-25,CUST033,North,Lap,8,4073
ORD00884,2023-03-25,CUST039,South,Headphones,6,20321
ORD00675,2023-03-26,CUST001,West,Smartph,9,5616
ORD00477,2023-03-27,CUST009,South,Monitor,7,50306
ORD00557,2023-03-27,CUST007,North,Laptop,3,26374
ORD00737,2023-03-27,CUST046,East,Headphones,9,45725
ORD00116,2023-03-29,CUST013,West,Headphones,9,11306
ORD00221,2023-03-29,CUST035,East,Smartphone,1,19200
ORD00858,2023-03-29,CUST029,North,Monitor,8,17227
ORD00583,2023-03-30,CUST028,North,Headphones,9,9268
ORD00212,2023-03-31,CUST001,South,Monitor,2,4029
ORD00639,2023-03-31,CUST042,West,Smartphone,3,23466
ORD00970,2023-03-31,CUST016,South,Monitor,7,10390
ORD00286,2023-04-02,CUST007,South,Laptop,3,3247
ORD00573,2023-04-02,CUST019,East,Monitor,3,16514
ORD00369,2023-04-03,CUST026,South,Tablet,10,15946
ORD00959,2023-04-03,CUST006,North,Monitor,7,10962
ORD00091,2023-04-04,CUST024,South,Headset,3,8722
ORD00843,2023-04-05,CUST045,East,Headset,9,20559
ORD00646,2023-04-06,CUST004,South,Headphones,9,16840
ORD00979,2023-04-06,CUST016,West,Laptop,4,24357
ORD00607,2023-04-07,CUST030,North,Headphones,5,3709
ORD00338,2023-04-09,CUST030,West,Tablet,1,23184
ORD00354,2023-04-09,CUST050,West,Monitor,9,68341
ORD00239,2023-04-10,CUST022,South,Tablet,2,3535
ORD00461,2023-04-10,CUST019,West,Headphones,6,17771
ORD00195,2023-04-11,CUST045,South,Tablet,6,18457
ORD00292,2023-04-12,CUST014,East,Smartphone,1,5349
ORD00533,2023-04-12,CUST041,East,Headphones,9,9542
ORD00307,2023-04-14,CUST018,East,Headphones,1,3233
ORD00616,2023-04-15,CUST036,East,Laptop,2,27292
ORD00353,2023-04-16,CUST030,North,Laptop,5,20912
ORD00453,2023-04-16,CUST012,South,Headphones,3,60460
ORD00743,2023-04-16,CUST004,South,Smartphone,5,14564
ORD00770,2023-04-16,CUST045,North,Monitor,10,53346
ORD00974,2023-04-18,CUST023,East,Laptop,7,16905
ORD00232,2023-04-19,CUST002,West,Headphones,9,3408
ORD00316,2023-04-19,CUST038,South,Monitor,9,2303
ORD00391,2023-04-19,CUST016,West,Smartphone,3,25600
ORD00480,2023-04-19,CUST023,West,Tablet,10,73345
ORD00780,2023-04-19,CUST019,North,Laptop,5,25956
ORD00295,2023-04-20,CUST009,South,Tablet,7,64197
ORD00571,2023-04-20,CUST024,West,Headphones,1,10243
ORD00738,2023-04-20,CUST028,West,Tablet,8,18909
ORD00931,2023-04-21,CUST005,North,Tablet,3,49147
ORD00458,2023-04-22,CUST042,South,Laptop,2,66793
ORD00643,2023-04-25,CUST020,West,Smartphone,1,15916
ORD00545,2023-04-26,CUST018,South,Headphones,9,26976
ORD00653,2023-04-26,CUST047,South,Smartphone,5,26664
ORD00821,2023-04-27,CUST006,East,Laptop,9,2019
ORD00830,2023-04-27,CUST031,South,Laptop,5,61078
ORD00324,2023-04-28,CUST040,North,Smartphone,10,14722
ORD00330,2023-04-29,CUST031,North,Smartphone,4,12758
ORD00432,2023-04-29,CUST002,South,Tablet,4,27292
ORD00388,2023-05-01,CUST019,South,Laptop,9,47960
ORD00704,2023-05-01,CUST047,South,Laptop,8,16433
ORD00963,2023-05-02,CUST021,North,Monitor,9,16720
ORD00152,2023-05-03,CUST006,North,Monitor,1,74374
ORD00397,2023-05-03,CUST009,North,Headphones,2,19585
ORD00602,2023-05-03,CUST030,West,Laptop,4,13565
ORD00894,2023-05-03,CUST007,North,Smartphone,7,19669
ORD00960,2023-05-03,CUST049,South,Laptop,10,10044
ORD00366,2023-05-05,CUST009,South,Smartphone,5,8975
ORD00299,2023-05-06,CUST042,North,Laptop,1,8728
ORD00380,2023-05-06,CUST013,,Smartphone,5,17341
ORD00994,2023-05-06,CUST033,South,Monitor,5,5047
ORD00801,2023-05-07,CUST033,South,Smartphone,10,2279
ORD00080,2023-05-08,CUST045,East,Headphones,9,5926
ORD00125,2023-05-09,CUST035,East,Monitor,8,2689
ORD00153,2023-05-09,CUST014,East,Smartph,8,11294
ORD00263,2023-05-09,CUST003,West,Headphones,1,17687
ORD00582,2023-05-09,CUST015,North,Headphones,1,14929
ORD00204,2023-05-11,CUST050,West,Headset,2,16275
ORD00511,2023-05-11,CUST029,East,Smartphone,1,20600
ORD00205,2023-05-12,CUST037,South,Tab,4,29112
ORD00141,2023-05-13,CUST032,East,Monitor,10,68690
ORD00183,2023-05-14,CUST002,West,Smartphone,10,22260
ORD00127,2023-05-15,CUST038,West,Headphones,5,25854
ORD00254,2023-05-15,CUST024,West,Smartphone,9,4149
ORD00762,2023-05-17,CUST028,North,Laptop,9,29698
ORD00797,2023-05-17,CUST043,East,Headphones,1,46719
ORD00496,2023-05-18,CUST032,West,Tab,2,71515
ORD00491,2023-05-21,CUST045,North,Laptop,1,1554
ORD00764,2023-05-21,CUST038,West,Tablet,8,2452
ORD00814,2023-05-21,CUST039,South,Tab,7,8993
ORD00010,2023-05-22,CUST032,South,Tablet,5,20106
ORD00025,2023-05-22,CUST038,South,Lap,4,18626
ORD00594,2023-05-22,CUST011,East,Laptop,7,16297
ORD00711,2023-05-22,CUST043,North,Headphones,7,10508
ORD00593,2023-05-24,CUST028,North,Headphones,4,19355
ORD00665,2023-05-24,CUST030,,Tablet,7,4333
ORD00159,2023-05-25,CUST030,East,Tab,10,22737
ORD00211,2023-05-25,CUST041,North,Laptop,6,45942
ORD00915,2023-05-25,CUST001,South,Monitor,10,9685
ORD00956,2023-05-26,CUST015,East,Lap,5,50687
ORD00586,2023-05-27,CUST016,South,Tablet,1,28588
ORD00590,2023-05-29,CUST001,West,Monitor,5,26430
ORD00331,2023-05-30,CUST015,West,Smartphone,4,5595
ORD00778,2023-05-31,CUST043,West,Laptop,5,1655
ORD00289,2023-06-01,CUST015,West,Laptop,6,28688
ORD00962,2023-06-02,CUST013,South,Monitor,7,5476
ORD00428,2023-06-03,CUST003,,Laptop,2,64707
ORD00833,2023-06-03,CUST006,East,Smartphone,6,1937
ORD00303,2023-06-04,CUST012,North,Laptop,8,21082
ORD00847,2023-06-05,CUST022,East,Smartphone,8,15737
ORD00329,2023-06-06,CUST014,South,Monitor,3,73059
ORD00756,2023-06-07,CUST039,North,Monitor,2,10292
ORD00720,2023-06-08,CUST011,West,Monitor,7,70001
ORD00220,2023-06-09,CUST044,North,Headset,5,21719
ORD00282,2023-06-09,CUST040,South,Smartphone,5,13775
ORD00532,2023-06-09,CUST042,South,Laptop,3,2723
ORD00731,2023-06-10,CUST045,East,Headphones,5,15668
ORD00838,2023-06-10,CUST050,East,Headphones,5,24920
ORD00028,2023-06-11,CUST049,West,Smartphone,5,69574
ORD00591,2023-06-11,CUST036,East,Monitor,2,5253
ORD00661,2023-06-11,CUST049,North,Tablet,4,23219
ORD00248,2023-06-13,CUST018,North,Monitor,2,15975
ORD00345,2023-06-13,CUST019,East,Headphones,8,11646
ORD00168,2023-06-14,CUST008,,Monitor,4,3021
ORD00512,2023-06-14,CUST050,North,Headphones,4,8131
ORD00427,2023-06-15,CUST033,South,Laptop,1,26853
ORD00145,2023-06-17,CUST026,South,Laptop,10,4126
ORD00268,2023-06-17,CUST010,West,Tablet,8,68323
ORD00314,2023-06-17,CUST030,South,Headphones,6,27010
ORD00681,2023-06-17,CUST039,North,Tablet,7,16741
ORD00336,2023-06-18,CUST027,East,Laptop,9,16231
ORD00723,2023-06-18,CUST038,West,monitor,4,4904
ORD00536,2023-06-19,CUST011,West,Smartphone,10,57073
ORD00948,2023-06-19,CUST021,West,Monitor,5,2926
ORD00096,2023-06-20,CUST019,South,Smartphone,8,57014
ORD00093,2023-06-21,CUST028,West,Tab,3,19229
ORD00708,2023-06-21,CUST005,East,Headphones,5,57959
ORD00924,2023-06-21,CUST036,North,Laptop,5,29444
ORD00729,2023-06-22,CUST034,East,Headphones,6,20548
ORD00564,2023-06-25,CUST032,East,Monitor,9,15350
ORD00768,2023-06-25,CUST047,South,Tab,3,21902
ORD00950,2023-06-25,CUST030,South,Monitor,8,62154
ORD00465,2023-06-27,CUST004,North,Headphones,7,73494
ORD00648,2023-06-27,CUST042,North,Headphones,9,28236
ORD00230,2023-06-29,CUST022,South,Tablet,8,52157
ORD00408,2023-06-29,CUST002,East,Smartphone,7,5770
ORD00497,2023-06-29,CUST023,East,Monitor,2,8716
ORD00505,2023-06-29,CUST005,West,Headset,7,14063
ORD00217,2023-06-30,CUST029,North,Monitor,9,14517
ORD00358,2023-06-30,CUST050,North,Laptop,5,50293
ORD00621,2023-06-30,CUST010,East,Smartphone,8,15933
ORD00213,2023-07-01,CUST025,North,Lap,1,20382
ORD00430,2023-07-01,CUST047,East,Tablet,2,52755
ORD00519,2023-07-01,CUST002,North,Smartphone,4,24573
ORD00202,2023-07-02,CUST013,West,Smartphone,6,45649
ORD00645,2023-07-03,CUST002,East,Tablet,1,11062
ORD00410,2023-07-05,CUST031,North,Headphones,3,1995
ORD00620,2023-07-05,CUST030,West,Monitor,4,4770
ORD00310,2023-07-06,CUST048,East,Smartphone,8,3448
ORD00348,2023-07-08,CUST034,East,Smartphone,2,29579
ORD00429,2023-07-08,CUST042,North,Tablet,4,13627
ORD00774,2023-07-08,CUST001,North,Tablet,2,5392
ORD00424,2023-07-09,CUST004,North,Tablet,5,2426
ORD00866,2023-07-09,CUST050,East,Laptop,3,12130
ORD00920,2023-07-09,CUST042,South,Smartphone,9,5478
ORD00274,2023-07-10,CUST025,South,Monitor,8,29791
ORD00134,2023-07-11,CUST028,South,Monitor,8,20451
ORD00269,2023-07-11,CUST045,East,Tablet,8,19934
ORD00468,2023-07-11,CUST027,North,Headphones,1,16912
ORD00346,2023-07-12,CUST005,North,Smartphone,5,26453
ORD00333,2023-07-13,CUST016,East,Laptop,7,4038
ORD00479,2023-07-13,CUST045,East,Monitor,8,8725
ORD00534,2023-07-13,CUST027,East,Headphones,9,5296
ORD00612,2023-07-15,CUST020,North,Smartphone,10,16245
ORD00006,2023-07-16,CUST006,West,Lap,5,16240
ORD00529,2023-07-17,CUST028,North,Headphones,7,10863
ORD00630,2023-07-17,CUST048,East,Smartphone,7,16727
ORD00020,2023-07-18,CUST003,East,Monitor,7,26112
ORD00381,2023-07-19,CUST047,North,Tablet,6,23319
ORD00384,2023-07-22,CUST046,North,Headphones,3,16559
ORD00433,2023-07-22,CUST011,West,Tablet,7,70777
ORD00726,2023-07-22,CUST007,North,tablet,8,20361
ORD00057,2023-07-24,CUST013,North,Tablet,2,12346
ORD00485,2023-07-24,CUST007,West,Tablet,10,15184
ORD00365,2023-07-25,CUST021,West,Laptop,7,9803
ORD00158,2023-07-27,CUST045,West,Monitor,8,48957
ORD00466,2023-07-28,CUST033,,Monitor,2,17155
ORD00382,2023-07-29,CUST030,North,Tablet,8,15687
ORD00562,2023-07-29,CUST026,East,Tablet,8,50930
ORD00147,2023-07-30,CUST009,West,Lap,4,14057
ORD00644,2023-07-30,CUST037,East,Headphones,5,28576
ORD00659,2023-07-31,CUST038,East,Monitor,1,22523
ORD00038,2023-08-01,CUST014,East,Laptop,9,3452
ORD00917,2023-08-01,CUST025,North,Monitor,4,29466
ORD00849,2023-08-02,CUST012,West,Monitor,6,22294
ORD00585,2023-08-03,CUST026,South,Monitor,6,25855
ORD00889,2023-08-03,CUST041,North,Tablet,10,23327
ORD00101,2023-08-05,CUST002,South,Tab,4,65823
ORD00106,2023-08-06,CUST003,West,Headphones,10,69829
ORD00258,2023-08-06,CUST047,East,Headset,8,22702
ORD00182,2023-08-07,CUST023,North,Tab,5,17433
ORD00294,2023-08-07,CUST011,South,Tablet,7,16776
ORD00526,2023-08-07,CUST005,North,Smartphone,4,47188
ORD00561,2023-08-07,CUST006,West,Monitor,3,16413
ORD00608,2023-08-07,CUST040,North,Headphones,4,4544
ORD00218,2023-08-08,CUST005,North,Tab,1,71379
ORD00196,2023-08-09,CUST032,South,Headset,5,1738
ORD00825,2023-08-10,CUST031,South,Laptop,7,4270
ORD00076,2023-08-11,CUST039,South,Laptop,9,24509
ORD00342,2023-08-11,CUST032,,Laptop,6,22453
ORD00629,2023-08-12,CUST026,West,Tablet,8,5983
ORD00075,2023-08-13,CUST003,West,Tablet,7,20589
ORD00171,2023-08-13,CUST033,West,Headphones,3,5899
ORD00088,2023-08-14,CUST031,East,Lap,2,2040
ORD00111,2023-08-14,CUST041,South,Laptop,4,16625
ORD00243,2023-08-15,CUST002,South,Laptop,5,13211
ORD00117,2023-08-16,CUST023,South,Tablet,10,12158
ORD00223,2023-08-16,CUST002,South,Monitor,5,70812
ORD00822,2023-08-16,CUST024,West,Smartphone,6,20712
ORD01000,2023-08-16,CUST026,West,Headphones,2,26399
ORD00139,2023-08-17,CUST046,North,Smartphone,5,4946
ORD00046,2023-08-20,CUST025,,Tab,1,14770
ORD00934,2023-08-20,CUST008,South,Laptop,5,2977
ORD00982,2023-08-22,CUST021,North,Headphones,7,15424
ORD00066,2023-08-23,CUST039,South,Smartphone,3,10340
ORD00574,2023-08-23,CUST020,West,Laptop,8,21831
ORD00928,2023-08-23,CUST007,West,Monitor,2,13337
ORD00089,2023-08-24,CUST039,East,Tab,6,74886
ORD00402,2023-08-24,CUST042,West,Smartphone,1,13120
ORD00207,2023-08-25,CUST019,East,Laptop,1,24823
ORD00523,2023-08-25,CUST050,West,Monitor,4,13419
ORD00319,2023-08-26,CUST041,North,Tablet,1,54932
ORD00056,2023-08-27,CUST026,North,Laptop,8,74329
ORD00471,2023-08-28,CUST007,North,Headphones,4,73937
ORD00966,2023-08-28,CUST050,East,Monitor,1,10828
ORD00409,2023-08-30,CUST045,East,Smartphone,7,71066
ORD00503,2023-08-30,CUST041,West,Lap,4,57524
ORD00908,2023-08-30,CUST049,West,Lap,5,15734
ORD00233,2023-08-31,CUST017,South,Laptop,10,23466
ORD00622,2023-08-31,CUST048,North,Smartphone,1,61034
ORD00527,2023-09-02,CUST044,East,Headphones,6,1785
ORD00649,2023-09-03,CUST048,South,Tablet,1,48288
ORD00873,2023-09-04,CUST037,East,Tablet,10,17678
ORD00844,2023-09-05,CUST027,South,Smartphone,10,2491
ORD00637,2023-09-06,CUST013,South,Tablet,9,3903
ORD00262,2023-09-07,CUST024,North,Headphones,8,23006
ORD00754,2023-09-08,CUST050,North,Tablet,6,1966
ORD00636,2023-09-09,CUST043,North,Tablet,6,28179
ORD00786,2023-09-09,CUST029,West,Headset,2,5325
ORD00535,2023-09-10,CUST031,North,Tablet,2,52605
ORD00951,2023-09-10,CUST050,West,Laptop,2,57919
ORD00288,2023-09-11,CUST006,West,Tablet,2,2632
ORD00489,2023-09-11,CUST014,,Headphones,5,73466
ORD00115,2023-09-12,CUST001,South,Monitor,2,15965
ORD00138,2023-09-13,CUST020,West,Laptop,7,16328
ORD00642,2023-09-13,CUST037,South,Smartphone,9,2202
ORD00857,2023-09-13,CUST034,South,Tablet,4,24265
ORD00624,2023-09-14,CUST008,North,Smartphone,4,55157
ORD00819,2023-09-14,CUST040,West,Tablet,5,66133
ORD00177,2023-09-16,CUST001,South,Smartphone,8,73606
ORD00140,2023-09-18,CUST042,North,Lap,6,16341
ORD00208,2023-09-19,CUST024,East,Headphones,10,24049
ORD00373,2023-09-19,CUST031,East,Headphones,9,4522
ORD00993,2023-09-19,CUST015,East,Laptop,3,22085
ORD00896,2023-09-20,CUST026,North,Laptop,7,60498
ORD00691,2023-09-23,CUST042,East,Headphones,8,27552
ORD00775,2023-09-25,CUST030,East,Headphones,4,4617
ORD00510,2023-09-26,CUST035,East,Smartph,8,23791
ORD00718,2023-09-26,CUST043,North,Smartphone,8,20858
ORD00744,2023-09-26,CUST047,North,Monitor,7,2688
ORD00042,2023-09-27,CUST036,East,Smartphone,4,24333
ORD00576,2023-09-27,CUST047,West,Smartphone,5,3147
ORD00909,2023-09-28,CUST011,North,Tablet,7,1574
ORD00886,2023-09-29,CUST040,South,Laptop,9,1638
ORD00306,2023-09-30,CUST020,North,Laptop,5,3201
ORD00256,2023-10-01,CUST046,South,Monitor,4,70797
ORD00760,2023-10-01,CUST005,North,Monitor,8,63855
ORD00831,2023-10-01,CUST035,North,Laptop,5,29141
ORD00240,2023-10-02,CUST024,East,Smartphone,6,66193
ORD00750,2023-10-02,CUST001,West,Headphones,10,28555
ORD00829,2023-10-03,CUST011,North,Tablet,3,18445
ORD00445,2023-10-04,CUST041,North,Tablet,6,15612
ORD00062,2023-10-06,CUST014,West,Headphones,8,45719
ORD00518,2023-10-06,CUST007,West,Laptop,9,1796
ORD00367,2023-10-07,CUST003,South,Headphones,9,17861
ORD00368,2023-10-08,CUST020,South,Smartphone,9,16116
ORD00457,2023-10-08,CUST049,West,Tablet,5,20840
ORD00395,2023-10-09,CUST006,West,Laptop,8,58740
ORD00524,2023-10-10,CUST035,West,Smartphone,4,11130
ORD00878,2023-10-11,CUST018,South,Headphones,10,26569
ORD00060,2023-10-12,CUST023,South,Tablet,10,14005
ORD00815,2023-10-12,CUST009,East,Tablet,7,10751
ORD00980,2023-10-12,CUST046,South,Monitor,3,70670
ORD00494,2023-10-13,CUST043,South,Smartphone,6,22738
ORD00394,2023-10-14,CUST037,East,Smartphone,3,46223
ORD00396,2023-10-15,CUST024,East,Headphones,9,4668
ORD00455,2023-10-15,CUST008,East,Smartphone,3,2091
ORD00490,2023-10-15,CUST018,North,Headphones,4,13978
ORD00682,2023-10-15,CUST016,East,Monitor,9,56316
ORD00097,2023-10-17,CUST006,East,Headset,5,17100
ORD00777,2023-10-18,CUST009,East,Monitor,2,46783
ORD00081,2023-10-19,CUST050,West,Headphones,1,24572
ORD00170,2023-10-19,CUST026,East,Monitor,3,21804
ORD00102,2023-10-21,CUST024,North,Tab,8,50811
ORD00201,2023-10-21,CUST001,East,Smartphone,6,15906
ORD00597,2023-10-21,CUST013,North,Monitor,3,8800
ORD00732,2023-10-21,CUST048,South,Laptop,7,22043
ORD00554,2023-10-23,CUST005,,Headphones,8,16520
ORD00043,2023-10-24,CUST038,West,Monitor,1,13056
ORD00305,2023-10-24,CUST021,West,Headphones,1,2992
ORD00927,2023-10-24,CUST009,South,Smartphone,3,66480
ORD00881,2023-10-27,CUST028,South,Smartphone,3,9412
ORD00436,2023-10-28,CUST032,West,Laptop,1,29954
ORD00694,2023-10-31,CUST019,North,Smartphone,9,28859
ORD00863,2023-10-31,CUST021,East,Monitor,6,18828
ORD00823,2023-11-01,CUST039,South,Laptop,4,26635
ORD00991,2023-11-01,CUST050,North,Monitor,7,18222
ORD00317,2023-11-02,CUST044,North,Monitor,10,2423
ORD00910,2023-11-02,CUST048,West,Smartphone,5,1960
ORD00078,2023-11-03,CUST038,South,Laptop,7,4147
ORD00883,2023-11-04,CUST019,East,Smartphone,9,15647
ORD00438,2023-11-05,CUST009,North,Tablet,8,5901
ORD00079,2023-11-07,CUST014,West,Laptop,7,18232
ORD00422,2023-11-07,CUST016,East,Headphones,5,27641
ORD00824,2023-11-07,CUST020,South,Headphones,1,18828
ORD00246,2023-11-08,CUST047,South,Headphones,5,14980
ORD00357,2023-11-08,CUST043,North,Tablet,9,58054
ORD00610,2023-11-08,CUST003,North,Headphones,4,64390
ORD00763,2023-11-08,CUST038,South,Laptop,7,22489
ORD00666,2023-11-09,CUST045,North,Smartphone,3,29942
ORD00566,2023-11-10,CUST027,South,Tablet,8,17436
ORD00658,2023-11-10,CUST012,North,Monitor,5,16089
ORD00683,2023-11-10,CUST028,South,Headset,2,16001
ORD00755,2023-11-10,CUST026,South,Laptop,10,3304
ORD00351,2023-11-11,CUST045,South,Laptop,10,58366
ORD00759,2023-11-11,CUST028,South,Monitor,7,67951
ORD00852,2023-11-12,CUST035,East,Tab,8,5441
ORD00988,2023-11-12,CUST037,South,Headphones,4,29300
ORD00504,2023-11-13,CUST040,East,Monitor,8,29960
ORD00087,2023-11-14,CUST017,West,Headset,1,5927
ORD00241,2023-11-15,CUST001,,Tablet,1,58210
ORD00074,2023-11-16,CUST017,North,Laptop,8,56568
ORD00828,2023-11-16,CUST033,East,Monitor,7,20224
ORD00157,2023-11-17,CUST049,South,Monitor,5,21328
ORD00442,2023-11-17,CUST027,East,Laptop,6,15511
ORD00032,2023-11-19,CUST042,North,Tablet,7,9922
ORD00260,2023-11-19,CUST010,West,Tab,1,29623
ORD00047,2023-11-20,CUST032,West,Tablet,4,10239
ORD00895,2023-11-21,CUST020,East,Laptop,2,28216
ORD00332,2023-11-22,CUST040,North,Laptop,1,26123
ORD00464,2023-11-22,CUST028,West,Tablet,1,16526
ORD00937,2023-11-22,CUST040,West,Laptop,2,54569
ORD00344,2023-11-24,CUST012,East,Headphones,2,4477
ORD00551,2023-11-24,CUST017,South,Tablet,10,22130
ORD00626,2023-11-24,CUST009,North,Headphones,10,21239
ORD00321,2023-11-26,CUST034,West,Headphones,1,27393
ORD00796,2023-11-26,CUST048,North,Tab,1,29288
ORD00546,2023-11-27,CUST019,East,Monitor,9,59757
ORD00871,2023-11-27,CUST026,South,Tablet,3,22680
ORD00400,2023-11-28,CUST013,South,Smartphone,4,48640
ORD00420,2023-11-28,CUST012,North,Headphones,10,5300
ORD00448,2023-11-28,CUST040,,Monitor,5,54557
ORD00795,2023-11-28,CUST048,South,Tablet,2,23764
ORD00807,2023-11-28,CUST033,East,Monitor,7,28978
ORD00149,2023-12-01,CUST008,East,Smartphone,1,4509
ORD00890,2023-12-01,CUST041,South,Laptop,10,10460
ORD00745,2023-12-02,CUST032,West,Laptop,5,1519
ORD00547,2023-12-05,CUST012,East,Tablet,2,3254
ORD00473,2023-12-06,CUST023,North,Headphones,2,10362
ORD00640,2023-12-06,CUST008,South,Monitor,3,5427
ORD00953,2023-12-06,CUST037,North,Headphones,10,4100
ORD00463,2023-12-07,CUST018,West,Smartphone,6,4158
ORD00446,2023-12-08,CUST045,West,Monitor,8,3871
ORD00516,2023-12-08,CUST035,South,Laptop,10,20957
ORD00865,2023-12-08,CUST006,West,Tab,9,50241
ORD00055,2023-12-09,CUST034,North,Laptop,9,23284
ORD00130,2023-12-09,CUST019,,Headphones,9,15112
ORD00098,2023-12-11,CUST007,East,Headphones,2,12355
ORD00696,2023-12-11,CUST030,East,Laptop,3,9266
ORD00722,2023-12-11,CUST040,West,Monitor,6,18271
ORD00827,2023-12-11,CUST013,South,Monitor,7,61888
ORD00339,2023-12-12,CUST044,South,Smartphone,4,1979
ORD00470,2023-12-16,CUST020,West,Headphones,8,23819
ORD00283,2023-12-17,CUST027,West,Monitor,7,26546
ORD00100,2023-12-18,CUST011,East,Smartphone,1,23651
ORD00231,2023-12-18,CUST033,West,Tab,8,54038
ORD00721,2023-12-18,CUST021,West,Tablet,6,62165
ORD00501,2023-12-20,CUST046,South,Monitor,3,62980
ORD00813,2023-12-20,CUST032,West,Monitor,2,4968
ORD00707,2023-12-21,CUST039,North,Headphones,10,3251
ORD00789,2023-12-21,CUST037,East,Smartph,9,55211
ORD00002,2023-12-22,CUST025,South,Monitor,4,10021
ORD00419,2023-12-22,CUST002,East,Headphones,4,2952
ORD00392,2023-12-23,CUST001,West,Monitor,6,24837
ORD00604,2023-12-23,CUST042,West,Tablet,10,16275
ORD00228,2023-12-24,CUST025,North,Laptop,10,27294
ORD00414,2023-12-24,CUST030,East,Tablet,8,13755
ORD00730,2023-12-24,CUST025,West,Tablet,5,18142
ORD00776,2023-12-24,CUST033,East,Monitor,10,5649
ORD00957,2023-12-24,CUST003,North,Tablet,2,46369
ORD00986,2023-12-24,CUST020,North,Laptop,5,15773
ORD00999,2023-12-24,CUST030,West,Lap,1,48306
ORD00022,2023-12-25,CUST050,East,Laptop,8,71636
ORD00641,2023-12-26,CUST026,North,Headphones,8,8391
ORD00265,2023-12-28,CUST025,West,Headphones,5,2437
ORD00360,2023-12-28,CUST036,South,Laptop,10,2388
ORD00853,2023-12-28,CUST035,West,Monitor,2,2300
ORD00095,2023-12-30,CUST029,South,Smartph,6,16293
ORD00320,2023-12-31,CUST042,North,Smartphone,9,22719
ORD00854,2023-12-31,CUST006,West,Tablet,5,19564
ORD00944,2023-12-31,CUST028,East,Smartphone,9,23795
ORD00113,2024-01-02,CUST006,East,Tab,7,5583
ORD00431,2024-01-02,CUST028,South,Tablet,10,3550
ORD00891,2024-01-02,CUST033,North,Monitor,9,18797
ORD00214,2024-01-03,CUST002,East,Tab,6,23579
ORD00592,2024-01-05,CUST017,East,Smartphone,9,50086
ORD00899,2024-01-05,CUST023,West,Headphones,10,15559
ORD00008,2024-01-06,CUST009,East,Smartphone,1,46145
ORD00126,2024-01-06,CUST015,East,Smartphone,6,20825
ORD00302,2024-01-08,CUST008,South,Monitor,7,70496
ORD00850,2024-01-08,CUST026,South,Monitor,8,48909
ORD00860,2024-01-08,CUST004,North,Smartphone,8,1616
ORD00964,2024-01-08,CUST049,East,Monitor,5,9325
ORD00270,2024-01-10,CUST050,South,Tablet,7,24806
ORD00705,2024-01-10,CUST001,West,Monitor,2,74199
ORD00070,2024-01-11,CUST012,East,Headphones,6,20956
ORD00631,2024-01-12,CUST015,North,Laptop,6,5245
ORD00238,2024-01-14,CUST010,East,Smartphone,5,15018
ORD00449,2024-01-14,CUST018,West,Smartphone,8,4008
ORD00112,2024-01-15,CUST049,North,Monitor,9,14844
ORD00782,2024-01-15,CUST007,West,Smartphone,7,15852
ORD00840,2024-01-15,CUST015,East,Monitor,4,52015
ORD00065,2024-01-17,CUST039,East,Tablet,7,3191
ORD00247,2024-01-17,CUST032,North,Monitor,7,2351
ORD00553,2024-01-17,CUST024,North,Headphones,6,25854
ORD00686,2024-01-17,CUST003,North,Smartphone,3,23300
ORD00151,2024-01-19,CUST027,West,Laptop,6,25930
ORD00312,2024-01-19,CUST015,West,Smartphone,7,23824
ORD00588,2024-01-19,CUST015,North,Laptop,10,4449
ORD00664,2024-01-20,CUST010,East,Headphones,7,26194
ORD00441,2024-01-21,CUST022,South,Laptop,9,1593
ORD00488,2024-01-21,CUST036,North,Laptop,9,67210
ORD00297,2024-01-22,CUST039,West,Tablet,8,1692
ORD00540,2024-01-22,CUST025,South,Smartphone,1,29585
ORD00709,2024-01-23,CUST025,South,Monitor,5,4253
ORD00897,2024-01-23,CUST004,East,Headset,4,8781
ORD00023,2024-01-25,CUST029,East,Headphones,9,19157
ORD00846,2024-01-25,CUST004,South,Headphones,6,66012
ORD00539,2024-01-26,CUST036,East,Headphones,10,2720
ORD00625,2024-01-26,CUST031,East,Smartphone,5,15947
ORD00343,2024-01-27,CUST030,North,Smartphone,2,18595
ORD00845,2024-01-27,CUST018,East,Headset,3,9172
ORD00958,2024-01-27,CUST018,North,Tablet,10,4636
ORD00199,2024-01-28,CUST025,West,Monitor,6,4245
ORD00692,2024-01-28,CUST019,South,Laptop,9,4932
ORD00972,2024-01-29,CUST033,South,Tablet,6,25291
ORD00758,2024-01-30,CUST027,North,Monitor,2,62545
ORD00898,2024-01-30,CUST046,South,Monitor,5,19625
ORD00413,2024-01-31,CUST035,West,Smartphone,7,66231
ORD00174,2024-02-01,CUST006,East,Headphones,10,14995
ORD00868,2024-02-01,CUST001,West,Tablet,7,14290
ORD00119,2024-02-02,CUST019,North,Headset,3,22517
ORD00284,2024-02-02,CUST016,North,Smartphone,5,5388
ORD00014,2024-02-03,CUST029,East,Smartphone,8,12359
ORD00148,2024-02-03,CUST028,South,Monitor,3,2339
ORD00242,2024-02-04,CUST019,East,Laptop,9,23807
ORD00403,2024-02-05,CUST049,East,Tablet,4,28006
ORD00981,2024-02-05,CUST041,East,Headset,7,19288
ORD00293,2024-02-06,CUST028,West,Headphones,3,20996
ORD00967,2024-02-06,CUST020,North,Monitor,9,51634
ORD00273,2024-02-07,CUST048,South,Headphones,2,2974
ORD00595,2024-02-07,CUST011,South,Monitor,7,2390
ORD00004,2024-02-09,CUST030,West,Monitor,5,14789
ORD00802,2024-02-10,CUST024,West,Smartphone,4,50108
ORD00530,2024-02-12,CUST012,South,Smartphone,6,8939
ORD00041,2024-02-13,CUST024,East,Headphones,6,14294
ORD00045,2024-02-14,CUST045,West,Smartphone,9,11076
ORD00163,2024-02-14,CUST038,South,Lap,6,25993
ORD00275,2024-02-14,CUST024,South,Monitor,8,17014
ORD00285,2024-02-14,CUST050,,Monitor,3,3432
ORD00766,2024-02-14,CUST042,North,Smartphone,7,62894
ORD00892,2024-02-14,CUST019,East,Smartphone,2,3298
ORD00769,2024-02-15,CUST027,East,Tab,5,5136
ORD00803,2024-02-16,CUST050,East,Tablet,10,26514
ORD00188,2024-02-19,CUST046,East,Headphones,2,13047
ORD00690,2024-02-19,CUST049,West,Monitor,9,15039
ORD00752,2024-02-19,CUST030,North,Tablet,10,17843
ORD00779,2024-02-20,CUST022,West,Tablet,2,73633
ORD00710,2024-02-22,CUST022,South,Monitor,7,68020
ORD00746,2024-02-22,CUST008,West,Monitor,6,12916
ORD00879,2024-02-22,CUST046,East,Monitor,6,10172
ORD00301,2024-02-23,CUST018,East,Tablet,4,12823
ORD00836,2024-02-23,CUST044,South,Headphones,7,5509
ORD00135,2024-02-24,CUST023,North,Headphones,6,62962
ORD00628,2024-02-24,CUST030,West,Tablet,1,8121
ORD00792,2024-02-24,CUST037,East,Lap,2,29858
ORD00146,2024-02-26,CUST028,South,Tab,1,13739
ORD00013,2024-02-27,CUST001,South,Headphones,9,10799
ORD00923,2024-02-27,CUST041,North,Smartphone,7,28031
ORD00580,2024-02-28,CUST031,South,Headphones,10,20257
ORD00059,2024-03-01,CUST033,North,Tablet,1,13549
ORD00050,2024-03-02,CUST006,South,Headphones,2,57165
ORD00781,2024-03-02,CUST034,East,Laptop,9,16026
ORD00120,2024-03-03,CUST039,East,Smartphone,2,28193
ORD00253,2024-03-03,CUST001,South,Laptop,3,17761
ORD00632,2024-03-03,CUST045,North,Tablet,7,15634
ORD00870,2024-03-03,CUST040,North,Smartphone,6,4828
ORD00919,2024-03-05,CUST047,South,Headphones,4,4488
ORD00800,2024-03-07,CUST038,East,Sp,9,14614
ORD00071,2024-03-08,CUST045,East,Headphones,2,1646
ORD00374,2024-03-08,CUST019,South,Headphones,7,29538
ORD00418,2024-03-08,CUST014,West,Headphones,9,17602
ORD00605,2024-03-10,CUST026,South,Smartphone,7,25026
ORD00761,2024-03-11,CUST043,North,Headphones,4,16978
ORD00799,2024-03-11,CUST003,South,Tab,2,59100
ORD00019,2024-03-12,CUST004,East,Monitor,10,68848
ORD00277,2024-03-13,CUST020,East,Smartphone,7,25526
ORD00739,2024-03-16,CUST027,South,Tablet,9,23716
ORD00377,2024-03-18,CUST040,East,Laptop,7,10078
ORD00596,2024-03-18,CUST007,East,Tablet,3,8310
ORD00011,2024-03-19,CUST024,South,Smartphone,7,25174
ORD00334,2024-03-20,CUST006,North,Laptop,6,20392
ORD00520,2024-03-20,CUST049,East,Laptop,8,16507
ORD00176,2024-03-22,CUST043,East,Monitor,9,24334
ORD00699,2024-03-22,CUST016,East,Smartphone,7,20544
ORD00804,2024-03-23,CUST047,West,Smartphone,2,4154
ORD00318,2024-03-24,CUST002,South,Laptop,10,3397
ORD00727,2024-03-24,CUST024,South,laptop,4,18984
ORD00350,2024-03-25,CUST048,West,Laptop,2,18214
ORD00405,2024-03-25,CUST020,South,Smartphone,2,26681
ORD00550,2024-03-25,CUST007,South,Smartphone,1,45626
ORD00921,2024-03-25,CUST020,North,Headphones,9,17785
ORD00203,2024-03-26,CUST042,North,Headphones,2,53082
ORD00411,2024-03-27,CUST013,West,Laptop,3,28774
ORD00355,2024-03-28,CUST016,East,Monitor,5,18254
ORD00735,2024-03-28,CUST009,East,Headphones,2,26181
ORD00837,2024-03-28,CUST014,West,Tablet,4,18513
ORD00187,2024-03-30,CUST012,South,Lap,7,26951
ORD00389,2024-03-31,CUST040,West,Monitor,7,18680
ORD00667,2024-03-31,CUST023,North,Smartphone,7,15798
ORD00627,2024-04-01,CUST005,West,Headphones,4,4188
ORD00143,2024-04-03,CUST024,West,Headphones,8,24090
ORD00685,2024-04-04,CUST035,West,Headphones,9,14477
ORD00716,2024-04-07,CUST049,West,Smartphone,4,5607
ORD00555,2024-04-08,CUST007,South,Headphones,5,20180
ORD00565,2024-04-08,CUST012,North,Headphones,4,4999
ORD00623,2024-04-08,CUST026,West,Smartphone,7,26232
ORD00003,2024-04-09,CUST027,East,Monitor,1,3519
ORD00454,2024-04-11,CUST005,West,Tablet,6,23482
ORD00387,2024-04-13,CUST035,South,Smartphone,5,12355
ORD00531,2024-04-13,CUST025,West,Tablet,9,71753
ORD00965,2024-04-13,CUST020,North,Smartphone,3,14818
ORD00676,2024-04-14,CUST035,West,Tab,7,18182
ORD00693,2024-04-14,CUST035,West,Tablet,4,17657
ORD00912,2024-04-15,CUST028,North,Smartphone,9,16798
ORD00099,2024-04-16,CUST021,East,Laptop,3,28825
ORD00290,2024-04-16,CUST027,North,Smartphone,4,12335
ORD00905,2024-04-16,CUST017,North,Tablet,5,12000
ORD00992,2024-04-16,CUST006,West,Tablet,8,11699
ORD00816,2024-04-17,CUST026,West,Laptop,10,5440
ORD00922,2024-04-17,CUST020,South,Monitor,5,19269
ORD00444,2024-04-18,CUST045,West,Tablet,5,70316
ORD00469,2024-04-18,CUST005,North,Monitor,8,28557
ORD00094,2024-04-19,CUST031,South,Headphones,1,5465
ORD00914,2024-04-19,CUST027,West,Monitor,9,17871
ORD00985,2024-04-19,CUST048,South,Tablet,9,12492
ORD00227,2024-04-20,CUST026,West,Headphones,3,14884
ORD00954,2024-04-22,CUST048,South,Tablet,1,16705
ORD00021,2024-04-24,CUST017,South,Headphones,10,29555
ORD00514,2024-04-24,CUST036,North,Smartphone,10,25727
ORD00017,2024-04-25,CUST020,East,Tablet,3,46265
ORD00651,2024-04-25,CUST044,South,Lap,3,24159
ORD00323,2024-04-26,CUST011,West,Headphones,5,62758
ORD00978,2024-04-26,CUST040,North,Tablet,8,17413
ORD00103,2024-04-27,CUST031,North,Smartphone,5,13514
ORD00997,2024-04-27,CUST008,East,Headphones,6,29312
ORD00810,2024-04-28,CUST015,West,Headphones,2,63635
ORD00946,2024-04-30,CUST026,East,Smartphone,7,22280
ORD00401,2024-05-01,CUST022,East,Laptop,2,27307
ORD00415,2024-05-01,CUST032,West,Tablet,3,49852
ORD00615,2024-05-01,CUST032,,Laptop,1,16290
ORD00472,2024-05-03,CUST031,South,Headphones,8,8329
ORD00773,2024-05-03,CUST027,North,Smartphone,10,3069
ORD00569,2024-05-04,CUST025,South,Tablet,8,17614
ORD00695,2024-05-04,CUST018,North,Monitor,10,2974
ORD00359,2024-05-05,CUST015,South,Laptop,3,16683
ORD00584,2024-05-05,CUST036,East,Tablet,3,29112
ORD00451,2024-05-06,CUST037,West,Monitor,7,60865
ORD00537,2024-05-07,CUST030,West,Tablet,2,3706
ORD00083,2024-05-08,CUST048,South,Monitor,2,8431
ORD00633,2024-05-08,CUST032,South,Laptop,5,3338
ORD00271,2024-05-09,CUST026,South,Headphones,8,66293
ORD00983,2024-05-10,CUST033,North,Laptop,9,21364
ORD00058,2024-05-11,CUST033,South,Headphones,10,13652
ORD00701,2024-05-11,CUST029,North,Laptop,7,17537
ORD00165,2024-05-12,CUST023,West,Smartphone,6,63142
ORD00167,2024-05-12,CUST010,East,Monitor,8,11755
ORD00522,2024-05-12,CUST011,West,Headphones,6,10855
ORD00543,2024-05-13,CUST016,West,Headphones,7,13120
ORD00733,2024-05-14,CUST048,East,Headphones,8,28804
ORD00160,2024-05-15,CUST046,East,Lap,7,54116
ORD00938,2024-05-15,CUST016,West,Laptop,8,26032
ORD00044,2024-05-16,CUST017,North,Monitor,4,18299
ORD00234,2024-05-17,CUST048,North,Headphones,1,60339
ORD00603,2024-05-17,CUST038,North,Tablet,8,14101
ORD00674,2024-05-17,CUST025,North,Monitor,4,24667
ORD00887,2024-05-17,CUST029,East,Smartphone,2,4796
ORD00885,2024-05-18,CUST013,South,Monitor,8,3740
ORD00084,2024-05-20,CUST021,South,Monitor,9,15186
ORD00462,2024-05-20,CUST039,East,Laptop,4,14433
ORD00560,2024-05-20,CUST021,North,Smartphone,6,3644
ORD00144,2024-05-21,CUST008,East,Smartphone,5,18106
ORD00805,2024-05-22,CUST024,South,Headphones,4,11339
ORD00048,2024-05-23,CUST036,West,Headphones,7,63062
ORD00327,2024-05-24,CUST032,North,Smartphone,6,2860
ORD00035,2024-05-25,CUST002,South,Lap,5,18780
ORD00508,2024-05-25,CUST027,West,Monitor,8,47679
ORD00481,2024-05-26,CUST036,South,Laptop,10,13356
ORD00725,2024-05-26,CUST026,East,Monitor,10,63151
ORD00172,2024-05-29,CUST020,East,Headphones,2,8317
ORD00861,2024-05-29,CUST038,West,Laptop,3,18875
ORD00181,2024-05-31,CUST049,South,Laptop,7,17985
ORD00309,2024-05-31,CUST001,East,Smartphone,3,16724
ORD00361,2024-05-31,CUST001,East,Monitor,2,15520
ORD00399,2024-06-01,CUST048,South,Laptop,8,8939
ORD00061,2024-06-02,CUST050,North,Monitor,5,23634
ORD00123,2024-06-02,CUST007,South,Monitor,3,57423
ORD00370,2024-06-02,CUST033,South,Headphones,6,23140
ORD00362,2024-06-03,CUST025,East,Tablet,4,4970
ORD00421,2024-06-04,CUST007,East,Tablet,9,25027
ORD00976,2024-06-04,CUST033,North,Monitor,1,4022
ORD00990,2024-06-04,CUST030,North,Headphones,2,45560
ORD00542,2024-06-05,CUST007,West,Laptop,1,3517
ORD00417,2024-06-06,CUST048,East,Tablet,6,59272
ORD00614,2024-06-08,CUST038,West,Tablet,3,5038
ORD00114,2024-06-10,CUST003,West,Tab,6,10478
ORD00662,2024-06-11,CUST045,West,Laptop,6,3208
ORD00817,2024-06-11,CUST048,East,Monitor,9,28250
ORD00751,2024-06-12,CUST018,North,Headphones,4,26371
ORD00587,2024-06-13,CUST010,North,Tablet,7,2666
ORD00363,2024-06-14,CUST038,West,Headphones,1,19077
ORD00085,2024-06-16,CUST016,East,Monitor,6,22668
ORD00521,2024-06-16,CUST036,West,Laptop,7,27370
ORD00558,2024-06-16,CUST034,West,Smartphone,1,16144
ORD00969,2024-06-16,CUST029,West,Tab,8,61673
ORD00867,2024-06-17,CUST019,South,Laptop,4,15820
ORD00947,2024-06-17,CUST026,West,Smartphone,8,15580
ORD00039,2024-06-18,CUST039,North,Laptop,7,50483
ORD00272,2024-06-18,CUST030,North,Monitor,5,74126
ORD00599,2024-06-18,CUST040,East,Smartphone,5,3327
ORD00689,2024-06-18,CUST030,East,Headphones,1,4508
ORD00772,2024-06-19,CUST027,South,Monitor,9,15631
ORD00657,2024-06-20,CUST027,South,Smartphone,3,71601
ORD00053,2024-06-22,CUST029,South,Monitor,2,27045
ORD00198,2024-06-22,CUST044,North,Lap,3,56991
ORD00276,2024-06-22,CUST033,South,Monitor,3,9243
ORD00423,2024-06-22,CUST001,South,Tablet,7,5482
ORD00753,2024-06-23,CUST027,West,Laptop,5,11481
ORD00279,2024-06-24,CUST015,South,Tablet,10,15828
ORD00702,2024-06-24,CUST015,North,Tablet,4,17874
ORD00124,2024-06-25,CUST035,East,Smartphone,9,2460
ORD00029,2024-06-27,CUST015,South,Tablet,6,45302
ORD00304,2024-06-27,CUST034,East,Smartphone,4,47605
ORD00984,2024-06-27,CUST003,West,Monitor,9,27473
ORD00757,2024-06-28,CUST027,East,Headphones,10,29657
ORD00252,2024-06-29,CUST039,South,Tab,9,22973
ORD00841,2024-06-29,CUST036,South,Monitor,1,27946
ORD00498,2024-06-30,CUST001,West,Tab,2,18248
ORD00678,2024-06-30,CUST002,North,Tab,6,24629
ORD00848,2024-06-30,CUST048,East,Laptop,2,8512
ORD00164,2024-07-01,CUST014,South,Tab,3,4310
ORD00656,2024-07-01,CUST048,West,Tab,2,14715
ORD00749,2024-07-01,CUST012,North,Laptop,8,17268
ORD00787,2024-07-01,CUST045,West,Lap,7,27358
ORD00902,2024-07-01,CUST038,North,Tablet,10,5694
ORD00068,2024-07-02,CUST032,East,Laptop,2,9224
ORD00222,2024-07-05,CUST048,,Monitor,6,11779
ORD00559,2024-07-05,CUST038,South,Laptop,1,52324
ORD00638,2024-07-05,CUST011,North,Tablet,7,17693
ORD00538,2024-07-06,CUST009,West,Smartphone,3,74904
ORD00706,2024-07-06,CUST043,East,Smartphone,10,70134
ORD00341,2024-07-09,CUST004,East,Headphones,3,16068
ORD00082,2024-07-11,CUST001,South,Tablet,1,72568
ORD00287,2024-07-11,CUST026,North,Tablet,9,67082
ORD00855,2024-07-12,CUST048,East,Tablet,2,3558
ORD00941,2024-07-13,CUST019,East,Smartphone,1,4651
ORD00407,2024-07-15,CUST008,North,Tablet,10,60679
ORD00110,2024-07-16,CUST010,,Smartphone,10,12332
ORD00219,2024-07-16,CUST007,East,Lap,5,19281
ORD00697,2024-07-16,CUST012,North,Monitor,9,3524
ORD00740,2024-07-16,CUST001,West,Headphones,9,10012
ORD00933,2024-07-16,CUST016,West,Monitor,5,55768
ORD00875,2024-07-18,CUST047,East,Smartphone,6,12901
ORD00092,2024-07-19,CUST046,North,Headphones,9,17046
ORD00216,2024-07-19,CUST010,North,Headphones,5,30000
ORD00326,2024-07-21,CUST041,South,Tablet,7,17459
ORD00493,2024-07-21,CUST033,North,Headphones,6,5586
ORD00973,2024-07-21,CUST010,West,Laptop,9,13614
ORD00313,2024-07-22,CUST042,North,Headphones,6,26428
ORD00544,2024-07-22,CUST041,South,Tablet,9,18296
ORD00901,2024-07-22,CUST003,East,Laptop,8,14361
ORD00911,2024-07-23,CUST030,South,Smartphone,8,22992
ORD00261,2024-07-25,CUST027,North,Smartphone,7,21327
ORD00790,2024-07-25,CUST016,South,Headphones,7,14699
ORD00156,2024-07-26,CUST003,West,Lap,3,5044
ORD00189,2024-07-26,CUST016,South,Headphones,5,14904
ORD00552,2024-07-26,CUST027,West,Monitor,6,13310
ORD00036,2024-07-27,CUST038,South,Tab,9,2243
ORD00166,2024-07-28,CUST028,East,Tablet,8,29616
ORD00714,2024-07-28,CUST007,West,Laptop,5,2342
ORD00104,2024-07-30,CUST046,West,Smartphone,5,18010
ORD00798,2024-07-30,CUST014,North,Monitor,5,1680
ORD00747,2024-08-04,CUST040,South,Monitor,6,8602
ORD00077,2024-08-05,CUST009,North,Smartphone,2,15180
ORD00406,2024-08-05,CUST015,West,Monitor,9,27095
ORD00907,2024-08-05,CUST017,North,Tablet,10,56412
ORD00634,2024-08-06,CUST032,West,Tablet,2,15334
ORD00376,2024-08-08,CUST048,North,Laptop,8,26464
ORD00515,2024-08-08,CUST036,East,Tablet,1,22916
ORD00506,2024-08-09,CUST043,West,Headset,1,15105
ORD00476,2024-08-10,CUST031,East,Tablet,4,45080
ORD00500,2024-08-10,CUST048,South,Lap,9,21161
ORD00719,2024-08-11,CUST031,North,Laptop,3,54908
ORD00856,2024-08-11,CUST004,West,Tablet,3,5899
ORD00031,2024-08-12,CUST048,West,Laptop,9,74795
ORD00142,2024-08-12,CUST014,North,Headphones,4,18373
ORD00916,2024-08-12,CUST003,East,Tablet,8,16699
ORD00067,2024-08-13,CUST012,East,Smartphone,8,11265
ORD00224,2024-08-13,CUST034,West,Headset,1,23978
ORD00426,2024-08-14,CUST009,West,Monitor,6,55997
ORD00808,2024-08-14,CUST006,East,Headset,9,66871
ORD00356,2024-08-15,CUST039,West,Headphones,10,5671
ORD00439,2024-08-16,CUST025,West,Tablet,10,16156
ORD00811,2024-08-18,CUST004,South,Tab,5,11788
ORD00839,2024-08-18,CUST022,East,Tab,6,20069
ORD00169,2024-08-19,CUST035,West,Monitor,4,4171
ORD00347,2024-08-19,CUST030,North,Headphones,7,21300
ORD00372,2024-08-19,CUST010,West,Headphones,9,3951
ORD00995,2024-08-19,CUST015,East,Headphones,10,24563
ORD00322,2024-08-21,CUST021,East,Monitor,2,17168
ORD00434,2024-08-23,CUST048,East,Headphones,9,13069
ORD00578,2024-08-23,CUST030,West,Tablet,3,20098
ORD00742,2024-08-23,CUST008,South,Smartphone,1,5476
ORD00150,2024-08-24,CUST037,East,Lap,2,18173
ORD00443,2024-08-25,CUST043,East,Smartphone,5,2349
ORD00549,2024-08-25,CUST005,West,Headphones,8,5871
ORD00474,2024-08-28,CUST005,South,Smartphone,9,15906
ORD00575,2024-08-29,CUST020,East,Monitor,2,50110
ORD00015,2024-08-30,CUST028,North,Tab,1,10237
ORD00337,2024-08-30,CUST048,East,Laptop,10,15976
ORD00541,2024-09-02,CUST001,West,Headphones,5,61925
ORD00393,2024-09-03,CUST023,West,Laptop,10,23555
ORD00352,2024-09-05,CUST016,North,Headphones,4,17122
ORD00791,2024-09-05,CUST019,North,Monitor,4,18874
ORD00375,2024-09-06,CUST018,West,Headphones,6,22499
ORD00483,2024-09-06,CUST030,South,Smartphone,8,16203
ORD00237,2024-09-07,CUST039,North,Lap,10,16009
ORD00475,2024-09-07,CUST012,West,Laptop,1,16445
ORD00784,2024-09-08,CUST041,East,Laptop,6,15177
ORD00037,2024-09-09,CUST017,East,Laptop,1,14763
ORD00851,2024-09-09,CUST006,South,Lap,3,65186
ORD00131,2024-09-10,CUST021,East,Monitor,1,9246
ORD00961,2024-09-10,CUST006,North,Tablet,8,13835
ORD00049,2024-09-11,CUST023,South,Monitor,1,16179
ORD00249,2024-09-12,CUST050,East,Smartphone,3,20848
ORD00572,2024-09-12,CUST022,East,Headphones,4,55572
ORD00162,2024-09-13,CUST030,West,Smartphone,9,57343
ORD00122,2024-09-14,CUST021,East,Monitor,8,24005
ORD00671,2024-09-15,CUST042,South,Laptop,5,28179
ORD00880,2024-09-16,CUST033,South,Tablet,8,21150
ORD00264,2024-09-18,CUST037,North,Monitor,8,22194
ORD00478,2024-09-18,CUST031,South,Monitor,9,8251
ORD00507,2024-09-19,CUST017,West,Headset,2,27693
ORD00137,2024-09-20,CUST025,West,Sp,1,15858
ORD00300,2024-09-21,CUST042,East,Tablet,3,22165
ORD00308,2024-09-22,CUST043,South,Headphones,3,11900
ORD00698,2024-09-22,CUST016,East,Monitor,2,17092
ORD00835,2024-09-23,CUST011,West,Tab,10,1649
ORD00225,2024-09-24,CUST018,South,Monitor,6,10481
ORD00009,2024-09-26,CUST032,West,Monitor,5,18467
ORD00193,2024-09-30,CUST024,West,Monitor,2,19681
ORD00335,2024-10-01,CUST021,East,Monitor,10,3866
ORD00385,2024-10-02,CUST002,East,Monitor,5,12478
ORD00556,2024-10-02,CUST049,West,Smartphone,6,4242
ORD00245,2024-10-03,CUST023,West,Laptop,1,14311
ORD00450,2024-10-03,CUST042,South,Smartphone,8,52731
ORD00826,2024-10-03,CUST027,South,Smartphone,9,21475
ORD00918,2024-10-03,CUST009,West,Smartphone,4,20467
ORD00229,2024-10-04,CUST044,South,Smartph,9,21915
ORD00502,2024-10-05,CUST034,West,Lap,6,51265
ORD00996,2024-10-05,CUST044,East,Laptop,10,10782
ORD00121,2024-10-06,CUST027,West,Monitor,6,25844
ORD00184,2024-10-06,CUST015,North,Headset,3,24339
ORD00390,2024-10-06,CUST019,North,Smartphone,8,17879
ORD00606,2024-10-07,CUST007,North,Monitor,7,70976
ORD00619,2024-10-07,CUST013,West,Monitor,1,66671
ORD00874,2024-10-07,CUST001,West,Tablet,5,3341
ORD00904,2024-10-08,CUST024,South,Lap,10,8970
ORD00129,2024-10-14,CUST027,West,Lap,5,5433
ORD00404,2024-10-14,CUST023,East,Laptop,6,18686
ORD00783,2024-10-16,CUST033,East,Laptop,8,45521
ORD00052,2024-10-17,CUST050,West,Lap,9,28915
ORD00670,2024-10-18,CUST006,North,Smartphone,2,3621
ORD00832,2024-10-18,CUST007,South,Headphones,5,72103
ORD00412,2024-10-19,CUST031,North,Monitor,9,16172
ORD00945,2024-10-21,CUST007,West,Laptop,2,25280
ORD00609,2024-10-22,CUST044,North,Smartphone,3,27431
ORD00688,2024-10-23,CUST049,East,Laptop,3,61607
ORD00785,2024-10-25,CUST022,North,Headset,6,25382
ORD00955,2024-10-25,CUST008,North,Smartphone,2,17444
ORD00244,2024-10-28,CUST026,West,Smartphone,2,21643
ORD00936,2024-10-30,CUST010,South,Headphones,2,20749
ORD00200,2024-10-31,CUST034,East,Laptop,8,74651
ORD00517,2024-10-31,CUST025,East,Smartphone,1,9021
ORD00679,2024-10-31,CUST034,East,Tablet,3,9985
ORD00942,2024-10-31,CUST050,West,Tablet,10,29909
ORD00064,2024-11-03,CUST048,South,Monitor,3,14308
ORD00809,2024-11-03,CUST043,West,Smartphone,7,21667
ORD00818,2024-11-03,CUST001,South,Tablet,2,3600
ORD00975,2024-11-03,CUST033,South,Laptop,6,20459
ORD00235,2024-11-04,CUST023,South,Laptop,2,3442
ORD00063,2024-11-05,CUST044,South,Monitor,5,14680
ORD00771,2024-11-05,CUST031,West,Headphones,3,29684
ORD00266,2024-11-06,CUST010,North,Tablet,2,51698
ORD00484,2024-11-07,CUST018,West,Smartphone,2,60813
ORD00998,2024-11-07,CUST024,East,Smartphone,4,2117
ORD00864,2024-11-08,CUST026,North,smartph,2,29274
ORD00210,2024-11-09,CUST023,North,Monitor,5,9562
ORD00589,2024-11-09,CUST019,West,Laptop,9,29490
ORD00703,2024-11-09,CUST002,East,Tablet,3,71343
ORD00379,2024-11-10,CUST029,South,Laptop,6,17010
ORD00197,2024-11-12,CUST021,West,Tab,3,17755
ORD00027,2024-11-13,CUST036,East,Headphones,4,15057
ORD00635,2024-11-14,CUST042,North,Smartphone,2,50187
ORD00570,2024-11-15,CUST045,North,Laptop,1,14127
ORD00669,2024-11-15,CUST040,West,Smartphone,2,4392
ORD00178,2024-11-16,CUST016,West,Tablet,7,60240
ORD00215,2024-11-18,CUST020,West,Monitor,8,52526
ORD00617,2024-11-18,CUST042,West,Tablet,7,51056
ORD00128,2024-11-19,CUST017,West,Smartphone,3,28546
ORD00173,2024-11-19,CUST036,West,Headphones,1,21036
ORD00663,2024-11-19,CUST006,East,Smartphone,4,19553
ORD00715,2024-11-22,CUST009,South,Headphones,3,69088
ORD00869,2024-11-22,CUST029,East,Tablet,5,29797
ORD00026,2024-11-23,CUST039,West,Headphones,2,60361
ORD00154,2024-11-23,CUST002,South,Tablet,1,15660
ORD00672,2024-11-23,CUST005,South,Smartphone,5,28749
ORD00278,2024-11-24,CUST025,South,Smartphone,1,15562
ORD00952,2024-11-25,CUST025,North,Smartphone,2,13894
ORD00175,2024-11-26,CUST044,East,Monitor,2,17528
ORD00186,2024-11-26,CUST035,West,Laptop,4,68444
ORD00460,2024-11-26,CUST012,North,Laptop,2,17679
ORD00495,2024-11-26,CUST028,South,Monitor,3,2243
ORD00888,2024-11-26,CUST036,West,Tablet,3,25890
ORD00040,2024-11-27,CUST030,South,Tablet,4,16404
ORD00073,2024-11-29,CUST039,South,Laptop,2,54945
ORD00613,2024-11-29,CUST027,West,Smartphone,10,15761
ORD00191,2024-12-01,CUST010,West,Tab,1,22729
ORD00251,2024-12-01,CUST031,North,Tab,9,8786
ORD00296,2024-12-01,CUST017,North,Tablet,6,48288
ORD00378,2024-12-01,CUST042,West,Tablet,6,28301
ORD00812,2024-12-02,CUST026,South,Headset,6,15396
ORD00913,2024-12-02,CUST013,South,Laptop,4,13184
ORD00989,2024-12-02,CUST010,North,Smartphone,8,13609
ORD00236,2024-12-04,CUST015,South,Tab,5,20777
ORD00788,2024-12-04,CUST030,South,Monitor,8,16505
ORD00425,2024-12-07,CUST029,South,Tablet,6,17965
ORD00687,2024-12-07,CUST007,West,Smartphone,5,52766
ORD00939,2024-12-08,CUST044,East,Laptop,2,29833
ORD00877,2024-12-09,CUST027,North,Tablet,2,17921
ORD00054,2024-12-11,CUST046,South,Laptop,4,5671
ORD00298,2024-12-11,CUST031,North,Laptop,2,19095
ORD00349,2024-12-11,CUST008,South,Headphones,3,61629
ORD00487,2024-12-12,CUST018,East,Laptop,9,65683
ORD00492,2024-12-12,CUST015,North,Monitor,2,69231
ORD00834,2024-12-12,CUST010,North,Monitor,7,14095
ORD00926,2024-12-13,CUST008,North,Headphones,10,11518
ORD00090,2024-12-15,CUST013,South,Headset,2,28854
ORD00250,2024-12-15,CUST049,South,Lap,9,57532
ORD00325,2024-12-16,CUST047,North,Monitor,9,10156
ORD00528,2024-12-17,CUST036,South,Monitor,10,2838
ORD00842,2024-12-17,CUST003,South,Smartph,2,1595
ORD00943,2024-12-17,CUST046,North,Laptop,5,68794
ORD00700,2024-12-22,CUST049,West,Tablet,6,15301
ORD00935,2024-12-22,CUST015,West,Monitor,4,18919
ORD00226,2024-12-23,CUST022,West,Smartphone,1,56329
ORD00259,2024-12-23,CUST022,North,Headphones,10,73358
ORD00652,2024-12-23,CUST014,East,Monitor,10,3164
ORD00882,2024-12-23,CUST049,South,Headphones,10,17548
ORD00155,2024-12-24,CUST020,West,Headset,4,3777
ORD00548,2024-12-24,CUST047,South,Laptop,9,17794
ORD00072,2024-12-25,CUST013,South,Laptop,9,29512
ORD00513,2024-12-26,CUST003,South,Headphones,5,57059
ORD00906,2024-12-26,CUST039,West,Tab,6,10048
ORD00034,2024-12-27,CUST008,West,Tab,8,3989
ORD00713,2024-12-27,CUST045,South,Monitor,3,50597
ORD00650,2024-12-28,CUST011,North,Monitor,7,1915
ORD00007,2024-12-30,CUST034,North,Tab,10,26878
ORD00257,2024-12-30,CUST024,South,Headset,1,59966
ORD00328,2024-12-31,CUST028,East,Laptop,4,4858
